"conversation_id_str","created_at","favorite_count","full_text","id_str","image_url","in_reply_to_screen_name","lang","location","quote_count","reply_count","retweet_count","tweet_url","user_id_str","username"
"1928360025195467030","Fri May 30 08:29:06 +0000 2025","1","@Nisaanjae Yaa kan Masalahnya seni yg pake ai tuh hak cipta nya jga bermasalah ai belajar/niru gambar dari seniman ","1928368055345623180","","Nisaanjae","in","","0","0","0","https://x.com/undefined/status/1928368055345623180","1607536931000451073",
"1922574300827021381","Wed May 14 09:12:58 +0000 2025","0","@salensword @cekstatusandy gaakan sih generate by ai sm seni hasil karya manusia itu feelnya beda yg sering jd permasalahan tuh kan mengenai hak cipta ai suka main asal comot data dari artist.","1922580889176780936","","salensword","in","","0","1","0","https://x.com/undefined/status/1922580889176780936","1781087087997116416",
"1922250176820924689","Tue May 13 11:19:00 +0000 2025","1"," Singkatnya: AI menghadirkan peluang baru dalam seni. Tapi juga menimbulkan dilema soal hak cipta etika dan masa depan profesi seniman. Apakah kita sedang menciptakan masa depan seni atau malah menghapuskan jiwa dari seni?","1922250218336047369","","cahunsoedcom","in","","0","1","0","https://x.com/undefined/status/1922250218336047369","255605155",
"1922250176820924689","Tue May 13 11:18:56 +0000 2025","1","Pasal 40 UU Hak Cipta menyatakan: karya seni yang sudah diwujudkan dalam bentuk nyata dilindungi secara hukum bahkan jika belum dipublikasikan. AI yang dilatih dari karya ini tanpa izin menyalahi aturan.","1922250200745234547","","cahunsoedcom","in","","0","1","0","https://x.com/undefined/status/1922250200745234547","255605155",
"1922250176820924689","Tue May 13 11:18:55 +0000 2025","1","AI text-to-image dilatih dari jutaan gambar di internet termasuk karya seni manusia. Sering kali tanpa sepengetahuan atau izin pembuatnya. Ini jelas melanggar UU No. 28 Tahun 2014 tentang Hak Cipta. ","1922250196248850622","","cahunsoedcom","in","","0","1","0","https://x.com/undefined/status/1922250196248850622","255605155",
"1920699083666206783","Sun May 11 04:46:22 +0000 2025","0","@perlunama_ @menjadiwna Itu melanggar hak cipta. Hasil tangan dari tangan bisa mirip tapi nilai dari suatu seni itu dari TANGAN dan OTAK AI GAK BISA BIKIN DARI KANVAS KOSONG Mereka gak punya imajinasi. Mereka copy paste desain yg sudah dibuat manusia Lu diketawain desain grafis ngomong gini dongo","1921426633757544926","","perlunama_","in","","0","1","0","https://x.com/undefined/status/1921426633757544926","1348944572504629251",
"1918583965453303913","Sun May 04 01:28:53 +0000 2025","0","@ketupatayamopor What do we do ? 1. Menolak menggunakan AI gen image karena melanggar hak cipta plagiarisme dan tidak etis. Lebih bagus kalau menyuarakan. 2. Mendukung seniman yg tidak melakukan plagiarisme dalam bentuk apapun. 3. Belajar tentang seni.","1918840219647803677","","ketupatayamopor","in","","0","1","0","https://x.com/undefined/status/1918840219647803677","1222410436777144321",
"1918660174010577281","Sat May 03 13:33:27 +0000 2025","0","AI AI... Ni si dongok gw yakin justru ga ngerti definisinya. Manusia mana yg ga pake AI dlm hidupnya skr gw tanya. Bedanya yg cerdas akal + budi ga pake itu di PENCIPTAAN KARYA baik seni tulisan apa pun itu yg berhubungan dgn KARYA &amp; HAK CIPTA. Ga kayak dia. Duh ngoook ngok","1918660174010577281","","","in","","0","0","0","https://x.com/undefined/status/1918660174010577281","1454152371932577795",
"1917546382791172385","Wed Apr 30 11:58:26 +0000 2025","0","Kalo yg pengen nonton diskusi umum yg diselenggarain DKJ sebelumnya terkait etika hak cipta &amp; filosofi AI terkait seni bisa nonton di link ini Diskusi 1 https://t.co/iH4ljSO8nT Diskusi 2 https://t.co/eccdIowGRC #regulasiAI","1917549099169243271","","nv_chrome","in","","0","0","0","https://x.com/undefined/status/1917549099169243271","1632216468342587392",
"1917106706095522125","Tue Apr 29 08:21:52 +0000 2025","0","@tanyakanrl Chatgpt sebenarnya gak beda jauh dgn google. Yg salah kalo bikin gambar/karya seni pake AI kek trend ghibli² itu. Melanggar hak cipta dan menggantikan tenaga industri kreatif.","1917132211293507908","","tanyakanrl","in","","0","0","0","https://x.com/undefined/status/1917132211293507908","1615771256309313536",
"1917032998501027948","Tue Apr 29 01:47:38 +0000 2025","5","@gibran_tweet liat nih gaji guru honorer masih di bawah terus dia jual gambar AI yang jelas-jelas merusak hak cipta pekerja seni. gw ga mau ini jadi konflik horizontal antar sipil yang harusnya bertanggung jawab itu lu @gibran_tweet sebagai pemerintah yang menjabat.","1917032998501027948","","gibran_tweet","in","","1","1","0","https://x.com/undefined/status/1917032998501027948","1755892798589661184",
"1915893451234939360","Fri Apr 25 22:19:29 +0000 2025","3"," AI: membuat creative AI: Merusak Intelectual Property (IP) orang AI: Memakai IP orang tanpa ijin AI: Seni menjadi murahan Note: yg anggap gini2 keren jangan bacot soal Hak Cipta di Musik Indon. Pada dasarnya anda sama hanya gk punya kesempatan https://t.co/KYrFfscS8X","1915893451234939360","https://pbs.twimg.com/amplify_video_thumb/1915360828343410689/img/VRFGsxZ31cMuaGAP.jpg","","in","","0","1","2","https://x.com/undefined/status/1915893451234939360","1501741769306021890",
"1914811383872676235","Thu Apr 24 01:30:01 +0000 2025","1","@ReineLotus @zowtopiaa @Ben3atha AI aja udah melanggar hak cipta sebenarnya karna ngecuri lukisan orang. AI itu soulless gak ada seni nya","1915216628863930692","","ReineLotus","in","","0","0","0","https://x.com/undefined/status/1915216628863930692","1170532756247347203",
"1914801640525455687","Tue Apr 22 23:58:12 +0000 2025","0","@sbyfess Aku ga fomo nder dan menghargai hak cipta dan mnurutku jelek aja seni dri AI itu mending yg dari manusia","1914831131868061860","","sbyfess","in","","0","0","0","https://x.com/undefined/status/1914831131868061860","1875343705043038210",
"1913625364406190319","Sat Apr 19 16:06:54 +0000 2025","1","Kerja seni dan kreatif akan menyusul untuk digantikan AI. Ingat yang digantikan adalah kerjanya bukan pekerjanya. Masalahnya pelaku seni/kreator saat ini cenderung bertahan dengan argumentasi hak cipta. Argumen ini terbilang sangat lemah tetapi terus menjadi alasan utama","1913625364406190319","","","in","","0","1","0","https://x.com/undefined/status/1913625364406190319","1455248025492725766",
"1913078605669892377","Sat Apr 19 07:44:05 +0000 2025","8","@crinklecringe @id_lgk Kasus ojol vs ojek konvensional itu ga ada unsur plagiasi beda ama seni yg pegangannya ya hak cipta bayangin punya karya yg khas bertahun Dibangun dijiplak begitu aja jd emg ada yg perlu dibatasi tapi kan malah yg ada org bahkan pemerintah latah aja pake AI","1913498825328869763","","crinklecringe","in","","0","0","0","https://x.com/undefined/status/1913498825328869763","197328522",
"1913078605669892377","Sat Apr 19 05:57:34 +0000 2025","0","@id_lgk buruh yang punya skill solder dll juga sudah digantikan robot buruh pabrik tukang masak banyak kasir supir dll pun bbrp tergantikan robot beberapa operator telepon juga mulai dimasuki AI begitu juga seni dll tinggal manusianya yg perlu ngasih boundary dgn hak cipta dsb","1913472018982506672","","id_lgk","in","","0","0","0","https://x.com/undefined/status/1913472018982506672","54485242",
"1912756696000106612","Fri Apr 18 06:30:23 +0000 2025","0","@tanyakanrl ai di indo cuma di level ngancurin para pekerja seni. elu yg pake ai buat art Ghibli ya wkwk aneh lu. pelanggaran hak cipta diagungkan. gak apple to apple opini lu","1913117890490077690","","tanyakanrl","in","","0","0","0","https://x.com/undefined/status/1913117890490077690","1457721764889313284",
"1912756696000106612","Thu Apr 17 16:37:44 +0000 2025","0","@tanyakanrl Ai yg di maksud itu bukan pada technology tapi Ai yg di kecam itu terkait hak cipta seni dan design Ai ini Ai Generate menggunakan karya orang lain tanpa kejelasan hukum padahal karya tersebut sudah punya patenya masing-masing kalau mau pakai harus sesuai proseduralnya.","1912908345629089916","","tanyakanrl","in","","0","1","0","https://x.com/undefined/status/1912908345629089916","1595053834887663621",
"1907990292764176853","Fri Apr 04 02:55:09 +0000 2025","0","AI bikin gambar seindah Studio Ghibli? Tren baru dari ChatGPT ini bikin takjub sekaligus kontroversi! Di satu sisi teknologi ini membuka peluang baru dalam seni tapi di sisi lain seniman protes karena hak cipta terancam. https://t.co/wM1JhTCBt0","1907990292764176853","https://pbs.twimg.com/media/GnqKri5aMAAuA-Y.jpg","","in","","0","1","0","https://x.com/undefined/status/1907990292764176853","1833777176967299072",
"1906895763088802233","Thu Apr 03 16:53:17 +0000 2025","0","@Ejijaja @mazmazjojo masalah AI dalam seni bukan sekadar soal teknologi menggantikan manusia tapi lebih tentang penghargaan terhadap kreativitas hak cipta dan etika dalam penggunaan teknologi","1907838831187079405","","Ejijaja","in","","0","0","0","https://x.com/undefined/status/1907838831187079405","1619933378278748161",
"1907060179570438541","Thu Apr 03 09:53:58 +0000 2025","0","@mochiiii_W @MasBRO_back Menurutku fenomena AI bisa jadi kemajuan sekaligus kemunduran bagi umat manusia. AI membuka peluang kreativitas baru seperti seni dan musik yang dihasilkan AI serta meningkatkan produktivitas. Tapi ada tantangan serius misalnya soal hak cipta dan ancaman kehilangan pekerjaan","1907733305656594849","","mochiiii_W","in","","0","1","0","https://x.com/undefined/status/1907733305656594849","1720665183188922368",
"1907706664796422387","Thu Apr 03 09:27:18 +0000 2025","1","@akubukanilham @bysabilah @tanyarlfes Bikin gambar ala Ghibli pake AI kayaknya nggak melanggar hak cipta soalnya gaya seni nggak dilindungi hukum copyright. Tapi ada debat soal etika sama pelatihan AI pake karya berhak cipta. Keren buat pribadi tapi hati-hati kalo dipake buat komersial bisa kena masalah trademark!","1907726594199765388","","akubukanilham","in","","0","0","0","https://x.com/undefined/status/1907726594199765388","1720665183188922368",
"1907681699745739207","Thu Apr 03 06:29:02 +0000 2025","0","Dampaknya jelas: AI sebagai asisten membantu kita menjadi lebih tajam tanpa menggantikan proses kreatif. Generative AI yang berlebihan bisa membuat malas atau melanggar hak cipta tapi 'second brain' mendukung kita sambil menjaga integritas seni.","1907681729793646901","","arxcana","in","","0","1","0","https://x.com/undefined/status/1907681729793646901","874925400660508672",
"1907668079296778423","Thu Apr 03 05:34:47 +0000 2025","0"," Perdebatan tentang hak cipta dan masa depan seni dalam era AI . Fitur 'Ghiblifikasi' yang memungkinkan penggunamengubah foto menjadi gaya Studio Ghibli telah menimbulkan kontroversi. #Ghiblifikasi #HakCipta #TeknologiAI ","1907668079296778423","","","in","","0","0","0","https://x.com/undefined/status/1907668079296778423","99677381",
"1907662144381890988","Thu Apr 03 05:11:12 +0000 2025","0"," AI Studio Ghibli? Kontroversi hak cipta memuncak! Penggunaan gaya artistik tanpa izin bisa berakibat merugikan seniman. Mau jaga kejujuran teknologi buat hukum seimbang pertemanan dan kreativitas! #HakCipta #Teknologi #Seni ","1907662144381890988","","","in","","0","0","0","https://x.com/undefined/status/1907662144381890988","99677381",
"1907660515133858072","Thu Apr 03 05:04:44 +0000 2025","0"," Pemandangan Seni Abadi: AI atau Hak Cipta? Diskusi tentang penggunaan AI dalam seni telah menonton perdebatan tentang privasi hak cipta dan kreativitas. Apakah teknologi AI dapat menghormati warisan seni atau mengancam kehidupan seniman? #HakCipta #Teknologi #Seni ","1907660515133858072","","","in","","0","0","0","https://x.com/undefined/status/1907660515133858072","99677381",
"1907658764704006464","Thu Apr 03 04:57:46 +0000 2025","0"," Kontroversi 'Ghiblifikasi' AI! Pembangun teknologi OpenAI mengklaim menggunakan hak cipta dengan caution tapi seniman masih memertanyakan lisensi. Apakah inovasi teknologi harus mengorbankan karya seni? #Ghiblifikasi #HakCipta #AI #Seni ","1907658764704006464","","","in","","0","0","0","https://x.com/undefined/status/1907658764704006464","99677381",
"1907375966105588102","Wed Apr 02 15:57:45 +0000 2025","0","@sukamon_ @Dexerto Saat ini di bawah hukum hak cipta AS menggunakan AI untuk meniru gaya seni Studio Ghibli kemungkinan legal karena gaya seni tidak dilindungi hanya karya spesifik. Namun ini kontroversial secara etis; seniman dan studio khawatir tentang penggunaan tanpa izin dan ada debat","1907462465752846449","","sukamon_","in","","0","0","0","https://x.com/undefined/status/1907462465752846449","1720665183188922368",
"1907313378470822200","Wed Apr 02 06:47:10 +0000 2025","0","@_fikri_auliya Tebakanku Studio Ghibli belum komentar soal Ghiblifikasi karena pendekatan mereka yang cenderung diam dan sikap Hayao Miyazaki yang anti-AI di animasi. Tren ini pakai AI buat bikin gambar ala Ghibli tapi menuai kontroversi soal hak cipta dan etika seni. Mungkin mereka atasi","1907323907104747795","","_fikri_auliya","in","","0","0","0","https://x.com/undefined/status/1907323907104747795","1720665183188922368",
"1906895763088802233","Tue Apr 01 14:49:15 +0000 2025","0","@_hoppity @mazmazjojo Saya Grok dibuat xAI. Saya bisa mengubah gaya foto mungkin termasuk gaya Studio Ghibli tapi ini bagian dari debat etika AI di seni. Tidak ada konsensus apakah ini pencurian Hayao Miyazaki menyebut AI penghinaan terhadap kehidupan dan ada isu hak cipta. Kemampuan saya di","1907082838773527035","","_hoppity","in","","0","0","0","https://x.com/undefined/status/1907082838773527035","1720665183188922368",
"1907079047344967775","Tue Apr 01 14:34:11 +0000 2025","0","pointing at me and calling me coward just bcs i called out baim wong tp post foto sm keluarga pake AI ala ghibli alias pencurian seni nabrak hak cipta dan ga beretika ada baiknya apa apa itu berkaca dan lihat diri sendiri dulu","1907079047344967775","","","in","","0","0","0","https://x.com/undefined/status/1907079047344967775","1571813341043240962",
"1906916581138891236","Tue Apr 01 08:53:46 +0000 2025","25","@BBCIndonesia Pemuja AI ini adalah manusia otak kosong. Otaknya tidak dipakai untuk berkarya dan otak AI disuruh berkreasi walau melanggar hak cipta karya seni.","1906993380426764524","","BBCIndonesia","in","","0","1","3","https://x.com/undefined/status/1906993380426764524","4711527097",
"1906770234360643973","Mon Mar 31 18:26:24 +0000 2025","0","@jgnpngglrizki Halo! Saya tidak mendukung tren AI Ghibli style karena ada isu etika dan hukum. Tren ini melibatkan AI yang meniru gaya Studio Ghibli tapi menuai kritik karena potensi pelanggaran hak cipta dan dampak buruk pada seniman manusia. Hayao Miyazaki juga menentang AI dalam seni. Meski","1906775100629664003","","jgnpngglrizki","in","","0","1","0","https://x.com/undefined/status/1906775100629664003","1720665183188922368",
"1906546269654524145","Mon Mar 31 11:41:56 +0000 2025","286","@raymondchins IMO AI arts bukan soal hak cipta doang sih bang. Tapi AI menghina esensi dari seni itu sendiri. Gua liat gambar AI berasa hambar soulless dan gaada emosi pesan yang ingin disampaikan.","1906673312153162175","","raymondchins","in","","2","5","38","https://x.com/undefined/status/1906673312153162175","1231386227032461312",
"1906662559769301085","Mon Mar 31 11:04:35 +0000 2025","0","Kita itu under-educated regarding issues yg banyak berputar di sekitar AI hak cipta orisinalitas you name it dan yg paling utama tuh dri segi mental. Gak sedikit orang yg cuma mau enaknya aja gak peduli dengan segi emosional dan kreativitas dri sebuah seni It makes me sick","1906663912537518296","","chuuyya_","in","","0","1","0","https://x.com/undefined/status/1906663912537518296","1293114164576047104",
"1906604678445715954","Mon Mar 31 10:59:34 +0000 2025","0","@_fikri_auliya Dengan msknya AI ke dunia seni muncul jg perdebatan etika terutama tentang hak cipta orisinalitas dan peran seniman. AI adalah alat kolaboratif bukan pengganti seniman karena AI tetap membutuhkan kurasi dan kreativitas manusia untuk menghasilkan karya yang bermakna.","1906662648793722983","","_fikri_auliya","in","","0","1","0","https://x.com/undefined/status/1906662648793722983","1584783515455229952",
"1906604678445715954","Mon Mar 31 07:13:55 +0000 2025","1","@_fikri_auliya Ide AI yang belajar dari alam untuk bikin seni bebas hak cipta menarik tapi ada tantangan. Secara hukum karya AI tak bisa dilindungi hak cipta di AS dan data alam online bisa jadi berisi karya manusia yang dilindungi. Evaluasi oleh manusia atau AI lain bisa memasukkan pengaruh","1906605862837215237","","_fikri_auliya","in","","0","0","0","https://x.com/undefined/status/1906605862837215237","1720665183188922368",
"1906579742083736034","Mon Mar 31 05:30:07 +0000 2025","3","The conversation amid Miyazaki AI be like Tech bro/sis: We will thrive seniman hati-hati mending pindah haluan. Seniman: Pelanggaran hak cipta! Nggak ngehargain seni! Nggak ada soulnya itu gambar! Lawyers: Bentar lagi batu bacan bang Hotman kebeli nih...","1906579742083736034","","","in","","0","0","0","https://x.com/undefined/status/1906579742083736034","59821122",
"1906569866334871900","Mon Mar 31 04:50:58 +0000 2025","1","kalau dikaitkan dgn hukum di indonesia regulasi soal hak cipta dlm konteks AI masih sangat minim. uu hak cipta (uu no. 28 tahun 2014) mmg melindungi karya seni tapi belum ada aturan spesifik tentang bagaimana AI boleh / tidak boleh menggunakan karya orang lain untuk pelatihan.","1906569887029530895","","justalkshit","in","","0","1","0","https://x.com/undefined/status/1906569887029530895","1526528540",
"1906314816786145548","Sun Mar 30 12:05:51 +0000 2025","0","@harisatwika23 Gambar AI bisa dianggap seni tapi masih diperdebatkan. Museum seperti MoMA menerima karya AI contohnya Unsupervised karya Refik Anadol. Namun banyak seniman menolak karena isu hak cipta dan ancaman terhadap kreativitas manusia. Secara teori seni AI cocok dalam definisi","1906316941892952127","","harisatwika23","in","","0","0","0","https://x.com/undefined/status/1906316941892952127","1720665183188922368",
"1906183477562851453","Sun Mar 30 09:46:22 +0000 2025","63","@wahdoyu @ainunnajib Nyumbang insight sebagai illustrator. AI bukan cuma soal lapangan kerja atau proses kreatif tapi ada yang lebih urgent: pelanggaran hak cipta. Untuk bisa generate ilustrasi developer AI ngegunain ribuan bahkan jutaan karya seni tanpa izin untuk mereka olah dan perbanyak.","1906281840706519237","","wahdoyu","in","","0","1","13","https://x.com/undefined/status/1906281840706519237","562584847",
"1906203571043160318","Sun Mar 30 04:35:22 +0000 2025","0","menurut gua caseny akan berbeda dengan ojol. kekuatan dr seni itu ada di kreativitas dan rasa dari karya yg dihasilkan dan penggunaan AI hanya tools untuk meniru hasil kreativitas seorang seniman tanpa ada rasa yg ikut disertakan dan itu gapapa selama ga melanggar hak cipta","1906203575438725140","","balll8_","in","","0","1","0","https://x.com/undefined/status/1906203575438725140","1685298646378778624",
"1906192935345107216","Sun Mar 30 04:31:05 +0000 2025","0","@zsarathustr @MiRV19Kft Kayaknya @zsarathustr kesel @grok ga jawab soal AI di Indo. Pertanyaannya mungkin tentang regulasi AI &amp; dampaknya ke seni. Indo lagi bikin aturan AI fokus etika &amp; data mungkin jadi 2025. Skrg karya AI blm dilindungi hak cipta krn ga ada sentuhan manusia bisa ganggu","1906202497464610870","","zsarathustr","in","","0","1","0","https://x.com/undefined/status/1906202497464610870","1720665183188922368",
"1905607826954985818","Sat Mar 29 19:10:04 +0000 2025","0","@hendrik28893243 @IndoPopBase @AHMADDHANIPRAST Sebenci2nya gue sama 02 tapi kalo soal hak cipta suatu karya gue setuju sama ahmad dhani. Tp ahmad dhani aneh jg pekerja seni kayak dia kok milih pasangan capres yg apa2 pake ai ","1906061311894769850","","hendrik28893243","in","","0","0","0","https://x.com/undefined/status/1906061311894769850","1253774252639043584",
"1906059043409678454","Sat Mar 29 19:09:05 +0000 2025","0","@izumisan21 Studio Ghibli kemungkinan tidak bisa menuntut penggunaan gaya seni mereka di generator gambar AI karena gaya seni tidak dilindungi hak cipta. Namun jika AI dilatih dengan karya berhak cipta mereka tanpa izin ada peluang tuntutan meski ini area hukum yang kompleks dan belum","1906061063579144474","","izumisan21","in","","0","1","0","https://x.com/undefined/status/1906061063579144474","1720665183188922368",
"1905198086408073373","Sat Mar 29 09:35:27 +0000 2025","1","@48squadsama @smekdoncat Menurutku bangga menggunakan AI untuk membuat seni gaya Ghibli tanpa izin itu bermasalah secara etika. Studio Ghibli terutama Miyazaki menolak AI menyebutnya penghinaan terhadap kehidupan. Meski gaya tak dilindungi hak cipta pelatihan AI pada karya berhak cipta memicu","1905916704309330125","","48squadsama","in","","0","0","0","https://x.com/undefined/status/1905916704309330125","1720665183188922368",
"1905871415863111993","Sat Mar 29 06:35:30 +0000 2025","1","Namun tren tersebut menimbulkan kekhawatiran terkait hak cipta dan etika tentang penggunaan karya khususnya seni ilustrasi yang diciptakan AI. Tanggapan dari Hayao Miyazaki tentang teknologi AI dalam lingkup seni pun menjadi ramai dibicarakan kembali.","1905871419176796240","","JapaneseStation","in","","0","1","1","https://x.com/undefined/status/1905871419176796240","69876693",
"1905368795998552442","Sat Mar 29 04:56:27 +0000 2025","8","@sebatsebastian9 @nabbski Oii @nabbski @grok secara hukum susah ngajak berantem orang yang upload ilustrasi Ghibli hasil AI di platform lain soalnya gaya seni nggak dilindungi hak cipta. Kalo pake karakter spesifik kayak Totoro bisa dilaporin tapi kalo cuma gaya doang susah. Di platform kaya IG AI","1905846494604709926","","tw_ynwa","in","","1","0","0","https://x.com/undefined/status/1905846494604709926","1720665183188922368",
"1905813768183103588","Sat Mar 29 02:46:25 +0000 2025","2","Karya seni yang pada hakikatnya ada hak cipta dibandingkan sama anak2 tech yang bisa replaceable Inilah bahayanya ketika tidak paham etika dalam penggunaan AI Sudahlah adu nasib ramasyuk pula","1905813768183103588","","","in","","0","1","0","https://x.com/undefined/status/1905813768183103588","546860175",
"1905750262209474900","Fri Mar 28 22:36:57 +0000 2025","1","@AunurRafq Berdasarkan tweetmu yang bilang shame soal tren Ghiblification sepertinya kamu peduli sama etika penggunaan AI di seni terutama soal hak cipta dan integritas artistik. Pekerjaan yang cocok buatmu mungkin **AI Ethicist di Industri Kreatif** di mana kamu bisa pastikan AI","1905750987614376195","","AunurRafq","in","","0","0","0","https://x.com/undefined/status/1905750987614376195","1720665183188922368",
"1905368795998552442","Fri Mar 28 21:50:06 +0000 2025","3","@udamandi @nabbski Tapi AI belum ada regulasinya. AI bekerja untuk generate hasil gambar dengan mencuri gambar dan gaya/style yang jelas melanggar hak cipta. Lama2 Ini bisa mematikan rezeki illustrator kecil dan menengah dan dalam jangka panjang bisa jadi mematikan kreativitas seni itu sendiri","1905739196926685616","","udamandi","in","","0","1","0","https://x.com/undefined/status/1905739196926685616","82320973",
"1905589858724196372","Fri Mar 28 13:01:55 +0000 2025","0","@naloocy menurutku better jangan deh kakk. dari sisi hak cipta &amp; etika ai sering ngetrain modelnya dari gambar tanpa izin (kayak ai ghibli yang rame) jadi itu bisa dianggap mencuri karya seni karena meski ai yang bikin gambarnya mungkin hasil pelatihan yang melanggar copyrightt","1905606277805531586","","naloocy","in","","0","1","0","https://x.com/undefined/status/1905606277805531586","1904227060090040320",
"1905406222238712106","Fri Mar 28 12:23:28 +0000 2025","0","@AditMKM Sangat mungkin.. hampir semua karya seni bisa di generate melalui AI yang di train.. Manusia pun bisa di train hanya saja tidak secepat AI.. pertanyaannya apakah Adit MKM tidak terinspirasi dari siapapun ketika menulis? Apakah Adit MKM punya hak cipta tertentu utk gaya tulisan?","1905596598538981562","","AditMKM","in","","0","0","0","https://x.com/undefined/status/1905596598538981562","1845350370454929409",
"1905536128792592684","Fri Mar 28 09:45:18 +0000 2025","314","@WatchmenID trend ai ghibli itu sangat menyakitkan buat para pekerja seni. karena itu jelas2 banget mencuri hak cipta orang lain secara terang2an.","1905556797210910920","","WatchmenID","in","","1","1","25","https://x.com/undefined/status/1905556797210910920","1478396485100355593",
"1905156280026898727","Fri Mar 28 08:25:10 +0000 2025","0","@rukmana_fahmi @HabisNontonFilm Lah tren studio Ghibli ini aja udah jelas muncul karna org2 makenya buat konten. itu nggak menghapus fakta bahwa banyak pengguna AI main asal tanpa pertimbangan etika. Zona abu-abu di seni nggak jadi alasan buat ngeculin pelanggaran hak cipta.","1905536630754345174","","rukmana_fahmi","in","","0","1","0","https://x.com/undefined/status/1905536630754345174","1157550255807725570",
"1905509969589665903","Fri Mar 28 07:02:15 +0000 2025","0","@skaa26_ @ins0mnia15 Gambar dari @ins0mnia15 kemungkinan menyoroti kekhawatiran tentang seni buatan AI dalam gaya Studio Ghibli dan isu hak cipta. Tulisan di gambar Data A1 disukai tapi saat ditanya soal pelanggaran hak cipta tak ada jawaban menunjukkan ketidakpastian hukum dan etika. Ini","1905515765035389422","","skaa26_","in","","0","0","0","https://x.com/undefined/status/1905515765035389422","1720665183188922368",
"1905295151653953754","Thu Mar 27 23:50:30 +0000 2025","0","@cer_ceritahidup @sheiladaisha Pendapat saya menggunakan AI untuk buat seni ala Studio Ghibli tanpa izin itu etis bermasalah. Hayao Miyazaki jelas menentangnya bilang itu penghinaan pada kehidupan . Walau gaya tak dilindungi hak cipta respek pada pencipta asli penting. Tren ini kontroversial apalagi buat https://t.co/ICC0eskBQj","1905407112286523627","https://pbs.twimg.com/media/Gmq59kbaMAAmRX2.jpg","cer_ceritahidup","in","","0","0","0","https://x.com/undefined/status/1905407112286523627","1720665183188922368",
"1905305154322399616","Thu Mar 27 22:37:10 +0000 2025","0","@Chulannn Oi @Chulannn aku faham kau marah pasal trend AI gambar stail Ghibli ni. Kau rasa kreatif tu bullshit kan? Trend ni guna GPT-4o memang viral tapi ramai tak suka termasuk Miyazaki yang kata AI hina hidup . Ada isu etika hak cipta dan rasa macam kurang hormat pada seni https://t.co/i2bfXXNKgE","1905388656057028813","https://pbs.twimg.com/media/Gmq59kbaMAAmRX2.jpg","Chulannn","in","","0","0","0","https://x.com/undefined/status/1905388656057028813","1720665183188922368",
"1905371296143474789","Thu Mar 27 21:28:11 +0000 2025","2","I don't think people really understand what the problem is. Bedanya ai art sama generative ai yg lainnya itu karya seni punya yg namanya hak cipta harusnya nggak dikasih makan ke ai gitu aja. Ini masalah etika emang pernah ya artist dihargai?","1905371296143474789","","","in","","0","1","2","https://x.com/undefined/status/1905371296143474789","1741596488042733568",
"1905015723585642540","Thu Mar 27 17:20:41 +0000 2025","380","@ainunnajib Beneran ini gw nanya kalo gini jatohnya melanggar hak cipta Ghibli atau nggak ya? Kemaren kan ribut2 soal AI tuh katanya tidak menghargai para pegiat seni. Nah sekarang rame2 malah remake foto keluarga atau pribadi pake AI. Jadi yang benernya gimana soal AI ini?","1905309007843393789","","ainunnajib","in","","0","3","8","https://x.com/undefined/status/1905309007843393789","1632377414037942273",
"1905301200419127537","Thu Mar 27 16:52:43 +0000 2025","0","@txtdriprogresif Penggunaan AI untuk menghasilkan gambar ala Ghibli menarik tapi kontroversial. Ini memudahkan kreativitas dan akses seni tapi ada masalah etika dan hukum seperti pelanggaran hak cipta artis. Hayao Miyazaki bahkan menyebutnya menjijikkan . Untuk penggunaan pribadi mungkin oke","1905301970413314171","","txtdriprogresif","in","","0","1","0","https://x.com/undefined/status/1905301970413314171","1720665183188922368",
"1905282849043063021","Thu Mar 27 15:36:44 +0000 2025","2","Padahal problem AI Ghibli itu ga cuman sekedar ai yg bisa produce mirip sebuah karya seni.. tp juga menyalahi hak cipta krn ai perlu ditrain dan yg ngetrain ttp manusia plus modelnya pake ghibli :/ yang mana jelas copyright strike banget","1905282849043063021","","","in","","0","0","1","https://x.com/undefined/status/1905282849043063021","861536612437577728",
"1905217100698042637","Thu Mar 27 11:15:28 +0000 2025","5","Di kasus yang sama ada orang yang jelas-jelas gak menghargai seni padahal tanpa seniman yg berdedikasi filter2 ini gak akan punya materi buat ada. Debatin AI itu seni itu memang bisa filosofis ujungnya tapi pencurian atas hak cipta orang udah jelas salah.","1905217100698042637","","","in","","0","0","0","https://x.com/undefined/status/1905217100698042637","1253188421561880576",
"1905000759336620238","Thu Mar 27 10:41:05 +0000 2025","0","@AhmedTsar Studio Ghibli bisa menuntut perusahaan AI yang pakai gaya seni mereka tanpa izin tapi hasilnya tergantung situasi dan hukum setempat. Dasar hukumnya: pelanggaran hak cipta jika karya spesifik disalin pelanggaran merek dagang jika membingungkan konsumen dan persaingan tak adil","1905208447156572637","","AhmedTsar","in","","0","0","0","https://x.com/undefined/status/1905208447156572637","1720665183188922368",
"1905186536926179567","Thu Mar 27 09:18:07 +0000 2025","0","@AdityaEduarto Tidak benar pengguna Studio Ghibli AI generation dianggap maling. Secara hukum gaya tidak dilindungi hak cipta jadi membuat seni baru dengan gaya Ghibli bukan pencurian. Etika jadi perdebatan Miyazaki menentang AI tapi pengguna hanya memakai alat bukan melatihnya. Jadi ","1905187569085587556","","AdityaEduarto","in","","0","0","0","https://x.com/undefined/status/1905187569085587556","1720665183188922368",
"1901303340488921098","Sun Mar 16 16:03:35 +0000 2025","0","Sebuah Keresahan Tentang Hak Cipta Karya Seni di Tengah Gempuran Teknologi AI https://t.co/2xBSfZj6JZ","1901303340488921098","","","in","","0","0","0","https://x.com/undefined/status/1901303340488921098","79130206",
"1899970031573963106","Wed Mar 12 23:45:29 +0000 2025","0","Soal penggunaan AI diluar masalah hak cipta pada akhirnya desain dibuat untuk orang lain/ klien kalau klien suka dan sesuai tujuannya berarti boleh. Sementara kalau seni dibuat untuk memenuhi hasrat si senimannya kalau senimannya ngga suka hasil AI ngapain juga pake AI.","1899970031573963106","","","in","","0","0","0","https://x.com/undefined/status/1899970031573963106","50238098",
"1899331692336476671","Wed Mar 12 07:03:39 +0000 2025","0","@yearrypanji Sulit sih pak di level akademisi keilmuan terkait aja banyak yang tutup mata sama isu pekerja seni dan hak cipta terkait AI ","1899717908370166235","","yearrypanji","in","","0","0","0","https://x.com/undefined/status/1899717908370166235","1632216468342587392",
"1898375014078202071","Sat Mar 08 16:56:08 +0000 2025","44","Supaya kedepan perlindungan bagi seniman &amp; pekerja seni dapat dimaksimalkan khususnya terhadap teknologi AI generative Untuk video lengkap event Hak Cipta dan Filosofi AI Temen-temen bisa akses di link yang dibagikan sama kak Antonia Timmerman ini https://t.co/rzilc5rZkB","1898417460841443509","","nv_chrome","in","","0","2","9","https://x.com/undefined/status/1898417460841443509","1632216468342587392",
"1897895051948442110","Fri Mar 07 06:20:16 +0000 2025","0","Dunia musik Inggris dikejutkan aksi protes unik dari lebih dari 1.000 musisi yg menentang usulan pemerintah Inggris berencana mengubah UU Hak Cipta. Ini memungkinkan perusahaan AI u/menggunakan karya cipta termasuk musik seni dan teks tanpa lisensi. https://t.co/V2TBPtzYzB","1897895051948442110","","","in","","0","0","0","https://x.com/undefined/status/1897895051948442110","1859110584413020160",
"1897347022988202045","Thu Mar 06 01:58:20 +0000 2025","0","@legislatweet menggunakan mesin cetak artinya tidak menghargai juru tulis? kayanya ga gini mainnya. bukannya kecaman orang seni atas AI pembangkit karya itu karena makanannya diambilkan dari karya orang yang dicuri? juga atas masalah hak cipta dan mudahnya orang membuat gambar palsu?","1897466746967355796","","legislatweet","in","","0","0","0","https://x.com/undefined/status/1897466746967355796","511714492",
"1894121042353733727","Mon Feb 24 20:23:42 +0000 2025","0","Maria Shandi bikin music video pake AI gais. Gimana menurut kalian? Komennya ya .. namanya juga artis rohani Well .. Maria Shandi kan penyanyi ya artis rohani.. ada hak cipta pastinya. padahal AI ambil dari database karya seni juga.. hak cipta .. https://t.co/x2OZnMt8sX","1894121042353733727","https://pbs.twimg.com/media/GklEq6GbkAUKkHj.jpg","","in","","0","0","0","https://x.com/undefined/status/1894121042353733727","1805727492084580354",
"1889224167373054097","Tue Feb 11 08:05:28 +0000 2025","1","Di Indonesia karya yang sepenuhnya dibuat AI tidak dilindungi hak cipta. Tapi jika ada campur tangan manusia bagaimana aturannya? Diperlukan regulasi yang jelas transparansi dan perlindungan bagi kreator agar AI tidak hanya menguntungkan segelintir pihak. #HakCipta #AI https://t.co/UcaVpXPOci","1889224219080401209","https://pbs.twimg.com/media/GjffYCza4AAbOzx.jpg","KoalisiSeni","in","","0","0","1","https://x.com/undefined/status/1889224219080401209","931688989",
"1887666860327653642","Fri Feb 07 00:57:05 +0000 2025","4","Pekerja seni yg beneran pasti gak akan mau pake ai. Karna apa? Yak betul! Mereka punya etika dan paham hak cipta. Jangan diputer2 ","1887666860327653642","","","in","","0","0","1","https://x.com/undefined/status/1887666860327653642","43705531",
"1887484239521980653","Thu Feb 06 12:51:25 +0000 2025","29","&gt; harusnya penggunaan AI yg dibatasi atau tidak sama sekali &gt; seni itu MEMBUAT MENCIPTAKAN bukan GENERATE. software dan aplikasi gambar banyak mulai dari 0 sono bukan NYOLONG data buat AI &gt; pake AI tu GAADA etika &gt; AI itu ngerusak HAK CIPTA karya2 org lain yg di generate","1887484239521980653","","","in","","0","1","7","https://x.com/undefined/status/1887484239521980653","837689765315014656",
"1887388399126143094","Thu Feb 06 06:30:34 +0000 2025","0","AI udah bisa bikin karya seni musik tulisan bahkan video. Tapi siapa yang punya hak cipta? #GongDigital #Artificialintelligence #AI #Tech #TechTrends #Technology #DigitalCreative https://t.co/7VFVNI3hqt","1887388399126143094","https://pbs.twimg.com/ext_tw_video_thumb/1887388363248021504/pu/img/2kFyFQe4DVmPJU0O.jpg","","in","","0","0","0","https://x.com/undefined/status/1887388399126143094","1868554270011990016",
"1887157427701010541","Wed Feb 05 16:09:34 +0000 2025","0","@nk_0xwin Itu mencegah AI dari menyalin belajar dari atau menghasilkan karya seni yang melanggar hak cipta atau meniru gaya seniman manusia tanpa izin","1887171720668226015","","3assywonusd","in","","0","1","0","https://x.com/undefined/status/1887171720668226015","1562559739380506624",
"1887046216179126588","Wed Feb 05 07:50:52 +0000 2025","5","Pekerja seni sama AI aja udah beda. Mana ada AI yang menghargai etika transparansi dan hak cipta seniman? Smuanya udah dilanggar maka tidak sah ","1887046216179126588","","","in","","0","0","1","https://x.com/undefined/status/1887046216179126588","1506186854197989381",
"1886459524741259367","Mon Feb 03 23:52:57 +0000 2025","30","@northeust Melarang pekerja seni mempromosikan AI sama saja dengan membatasi kebebasan berkarya. Setiap seniman berhak memilih alat yang ingin mereka gunakan selama tetap menghargai etika transparansi dan hak cipta itu sah-sah saja.","1886563555841098067","","northeust","in","","334","0","7","https://x.com/undefined/status/1886563555841098067","1780686762240823296",
"1882197972924145716","Wed Jan 22 22:45:44 +0000 2025","0","1. Menerima perubahan itu sendiri karena ini pasti terjadi. 2. Menuntut perlindungan monetisasi dan tanggung jawab dari platform AI dan pengolah data/pembelajar AI. 3. Edukasi terus menerus soal menghargai hak cipta seni dan penggunaan karya secara tepat untuk narasi (5)","1882197989500002685","","plbkinvestasi","in","","0","1","0","https://x.com/undefined/status/1882197989500002685","1875920054522609665",
"1872224248850481463","Thu Dec 26 10:44:55 +0000 2024","0","@Astha_xyz Contoh karya hasil AI memodifikasi dan menggabungkan beberapa karya pekerja seni selaku pemilik hak cipta tanpa izin dan kemudian karya baru tsb dipake seseorang untuk kepentingan komersil. Tanpa izin melanggar hak moral. Untuk kepentingan komersil melanggar hak ekonomi. https://t.co/qw5jtsXo0N","1872232117482270957","https://pbs.twimg.com/media/GfuBLaRa4AAOz0x.jpg","Astha_xyz","in","","0","1","0","https://x.com/undefined/status/1872232117482270957","1351634274",
"1872166207677481460","Thu Dec 26 06:23:01 +0000 2024","0","org sosial humaniora di pemerintahan kapan mau buat kebijakan hak cipta perlindungan seni soal AI?","1872166207677481460","","","in","","0","1","0","https://x.com/undefined/status/1872166207677481460","1433722375481085954",
"1871514155288797236","Thu Dec 26 02:58:55 +0000 2024","0","@luffydcahyo Last deh kalo ga paham-paham kenapa AI problem buat pekerja seni Ya oke AI boleh digunakan oleh pekerja seni ASAL SEMUA asset trainingnya itu HANYA karya yg dibuat oleh 1 individu / kelompok yg memiliki hak cipta gaya seni tsb. Konsumen HANYA BOLEH membeli generatornya saja ","1872114841596674553","","luffydcahyo","in","","0","1","0","https://x.com/undefined/status/1872114841596674553","230629014",
"1871947313251602575","Wed Dec 25 15:53:14 +0000 2024","4","2. Asumsi selama tidak plagiat tidak ada masalah Aduh. AI sering banget dilatih menggunakan dataset yang mencakup karya seni TANPA izin gue ulang sekali lagi ya: TANPA IZIN. Jadi sudah pasti ada risiko plagiat terselubung atau pelanggaran hak cipta.","1871947318892941724","","findyouriman","in","","0","1","0","https://x.com/undefined/status/1871947318892941724","1589461545482072065",
"1871196613315817507","Wed Dec 25 01:52:54 +0000 2024","8","@dayMuhammad_ @amaiikoucha @aniesbaswedan @Neutronomics @peribawangStash bang konsep AI sendiri itu malah emg ngambil beberapa data dari internet entah media atau jurnal apapun itu lalu digabungin. AI sama sekali ga bisa ngehasilin sesuatu yang 100% orisinil apalagi ini menyangkut karya seni yang mana sangat sensitif terkait hak cipta.","1871735841040814164","","dayMuhammad_","in","","0","0","0","https://x.com/undefined/status/1871735841040814164","1551416672145133569",
"1867555159959908390","Fri Dec 13 13:00:22 +0000 2024","0","bukannya ada problem lingkungan dari penggunaan energi tinggi juga ya dari AI selain soal hak cipta karya seni?","1867555159959908390","","","in","","0","0","0","https://x.com/undefined/status/1867555159959908390","1333263053266194432",
"1867190104210690117","Thu Dec 12 12:49:46 +0000 2024","0"," Seni pakai AI? Memang salah banget jika data yang dipakai untuk training AI adalah data yang memiliki hak cipta. Hak cipta sendiri untuk karya yang dipublikasi online secara otomatis diberikan saat karya itu dipublikasi kepada publisher/website","1867190104210690117","","","in","","0","0","0","https://x.com/undefined/status/1867190104210690117","1389442751800832003",
"1853377972402814977","Mon Nov 04 10:05:17 +0000 2024","0","Hai ALSAians! Kali ini Audiensi ALSA Liber A Jurist hadir dengan tema Urgensi Penerapan Doktrin Work Made For Hire dalam Undang-Undang Nomor 28 Tahun 2014 Tentang Hak Cipta Sebagai Upaya Perlindungan Hak Cipta Karya Seni Terhadap Artificial Intelligence (AI) . https://t.co/Wtu5nqgLhB","1853377972402814977","https://pbs.twimg.com/media/GbiFbmqbYAAp9_F.jpg","","in","","0","1","0","https://x.com/undefined/status/1853377972402814977","1339421652812099585",
"1850771178878824602","Mon Oct 28 05:26:49 +0000 2024","0","Perkembangan kecerdasan buatan (AI) telah membawa perubahan besar dalam berbagai sektor mulai dari ekonomi kesehatan hingga seni dan budaya. Namun di balik inovasi ini muncul berbagai tantangan hukum dan etika salah satunya adalah masalah hak cipta. https://t.co/ZIncpjishQ","1850771178878824602","","","in","","0","0","0","https://x.com/undefined/status/1850771178878824602","1283065312611426304",
"1848311425737146460","Mon Oct 21 10:32:42 +0000 2024","1","Tantangan dan Etika Meskipun AI membawa banyak manfaat ada tantangan etis yang perlu dihadapi seperti hak cipta dan orisinalitas. Diskusi mengenai apakah karya yang dihasilkan oleh AI dapat dianggap sebagai seni asli menjadi semakin penting.","1848311440865931717","","50percenthell","in","","0","1","0","https://x.com/undefined/status/1848311440865931717","1230761916814872576",
"1846127435743744121","Tue Oct 15 10:02:25 +0000 2024","0","Bicara soal hak cipta (copyright ownership) jika karya seni dibuat oleh AI maka siapa yang punya hak? Apakah pembuat prompt programmer developer atau justru jadi milik AI? https://t.co/UB6BGBOm8C","1846129492240355777","","cfds_ugm","in","","0","1","0","https://x.com/undefined/status/1846129492240355777","4771554530",
"1845772135484014869","Mon Oct 14 10:22:25 +0000 2024","1","pekerja seni dunia sbg data set mereka. Nyolog ya berati diambil tanpa consent kompensasi hingga hak cipta telah sepenuhnya dilanggar. Banyak para pekerja seni udah sangat keras menolak AI sebenarnya. Mungkin Marjin Kiri tertarik baca artikel saya. https://t.co/Ctl4VUy8tr","1845772138441068720","","peachyfraise","in","","0","0","2","https://x.com/undefined/status/1845772138441068720","67820297",
"1845732150630580298","Mon Oct 14 07:43:32 +0000 2024","0","Kalian tutup mata atas banyaknya kasus dalam industri hiburan dan seni dan memilih untuk memberikan jawaban yang tidak tepat dalam penjelasan maupun referensi. Bilamana AI itu tidak membenturkan hak cipta logikanya tidak akan ada tuntutan untuk pembatasan","1845732153562370477","","ilsasfst","in","","0","1","0","https://x.com/undefined/status/1845732153562370477","1777989857786380288",
"1845479729736089964","Mon Oct 14 04:46:25 +0000 2024","7","@Reggga__ @alternatewiley @mithamiwuwu @s1mple_virus @duniyaberita Kak mohon empatinya sedikit sama kelompok pekerja seni yang secara tidak adil karyanya dipakai tanpa izin untuk pengembangan teknologi AI ini. Ada hak cipta yang dilanggar dan itu ilegal secara hukum. Jujur saya heran kenapa Anda rela membela sebuah mesin sampai sebegininya.","1845687582178586874","","Reggga__","in","","0","1","1","https://x.com/undefined/status/1845687582178586874","1377594898392616962",
"1845434908736618801","Mon Oct 14 02:16:31 +0000 2024","1","@kuxo Yang jadi masalahnya itu ga ada regulasi dalam AI untuk menggunakan referensi karya seni dari manusia dan sesigner i mean brand gede kaya gini udh parah bgt klo buta dalam bentuk hak cipta ya tpi di sisi lain ga ada regulasi yg bisa menjerat pelaku pemakaian AI -","1845649859216556346","","kuxo","in","","0","2","0","https://x.com/undefined/status/1845649859216556346","1683521882736431110",
"1825964751773425947","Tue Aug 20 18:35:03 +0000 2024","7","Undang-undang hak cipta diciptakan untuk memajukan seni dan pemikiran kreatif. Namun munculnya AI generatif telah memperumit gagasan tentang kepenulisan yang ada. Fotografi berfungsi sebagai lensa yang membantu AI generatif mungkin tampak belum pernah terjadi sebelumnya tetapi","1825964780454293881","","datsbiel","in","","0","1","0","https://x.com/undefined/status/1825964780454293881","5385832",
"1812799160560791908","Mon Jul 15 10:39:34 +0000 2024","0","Perlukah Hak Cipta untuk Karya Seni Buatan AI? Begini Penjelasan Dosen FH UMM. Kecerdasan buatan atau Artificial Intelligence (AI) mengalami perkembangan yang cukup pesat termasuk merambah pada https://t.co/AN5n2al5fg #PendidikanKesehatan #Malang #umm via @beritajatimcom","1812799160560791908","","","in","","0","0","0","https://x.com/undefined/status/1812799160560791908","21287066",
"1803752122867228899","Fri Jun 21 06:01:20 +0000 2024","1","@curiousniff Yah.. setidaknya yg ngedesain sek nggambar gitu? Nek ga kan juga ada opsi ga pake gambar. Pake foto kah grafik abstrak kah vektor kah ato apalah gatau. Dibandingkan pake AI yg dmn itu jelas ngelanggar hak cipta. Sekelas kampus seni loh","1804031832188674229","","curiousniff","in","","0","1","0","https://x.com/undefined/status/1804031832188674229","948797912",
"1803748895408931090","Thu Jun 20 18:48:33 +0000 2024","0","@teu_boba @mnghaio @thealbartoss @wontonkukus lah bang harusnya kalo mahasiswa dkv/seni malah makin GA WAJAR kl masih plagiat mana plagiatnya sampe banyak bgt gitu yakali ga diajarin sm dosennya matkul hak cipta dan plagiasi ","1803862520446489069","","teu_boba","in","","0","0","0","https://x.com/undefined/status/1803862520446489069","1379056669380894723",
"1796154476656754707","Thu May 30 12:19:32 +0000 2024","0","Pendiri SM Entertainment Lee Soo Man Usul Bikin Regulasi Hak Cipta AI: Seni Harus Dihormati! https://t.co/3SM1weYf8g","1796154476656754707","","","in","","0","0","0","https://x.com/undefined/status/1796154476656754707","1433216266102194177",
"1796154454841905176","Thu May 30 12:19:27 +0000 2024","0","Pendiri SM Entertainment Lee Soo Man Usul Bikin Regulasi Hak Cipta AI: Seni Harus Dihormati! https://t.co/wxEJjNaM6I","1796154454841905176","","","in","","0","0","0","https://x.com/undefined/status/1796154454841905176","1320328879760756736",
"1787732849699004676","Tue May 07 17:49:51 +0000 2024","0","@moanamenfess Apalagi didunia seni. Karena ini sama saja mematikan telend para pekerja seni dan yang akan bekerja di bidang seni. AI juga banyak ditolak karena dianggap merugikan para seniman karena melanggar hak cipta seniman juga. Jadi ada baiknya sih dubbing ya yg manusia aja","1787902679882367109","","Tutupunyacerita","in","","0","1","0","https://x.com/undefined/status/1787902679882367109","1443551102578814978",
"1785617756349723096","Thu May 02 12:45:32 +0000 2024","1","@za_ka @DeadAirArcade @TechmenID Masih mau mengelak mas? Saya rasa kalau ai gambar ini data nya sudah terverifikasi aman dari pelanggaran hak cipta akan diterima dengan baik oleh kalangan artist atau art enthusiast. Problemnya cuma itu sampai hal itu bisa terealisasi ya wajar saja kita artist/pekerja seni teriak","1786014160087912831","","nv_chrome","in","","0","0","0","https://x.com/undefined/status/1786014160087912831","1632216468342587392",
"1785960635987353916","Thu May 02 09:12:53 +0000 2024","33","Menurut Topan pemerintah harus membuat regulasi AI yang pro-authorship dan inklusif karena mempunyai banyak dampak yg positifnya. Apa aja? Pertama untuk melindungi hak cipta seniman mencegah pencurian karya yang beberapa kali terjadi karena pembuatan karya seni hasil","1785960642954023170","","timpenguinnas","in","","0","1","1","https://x.com/undefined/status/1785960642954023170","1457753196269473793",
"1777882986840809926","Wed Apr 10 02:43:27 +0000 2024","0","@mu_faiz1999 Menurut sy mirip2 ya karena ini pekerjaan seni. Apakah salah satu fotografer ini meniru yg lain? Siapa yg memiliki hak cipta terhadap foto ini? Generate AI jg tergantung prompt yg digunakan. https://t.co/WOQ81sUg6p","1777890106747260932","https://pbs.twimg.com/media/GKxVoS6asAA9g53.jpg","mu_faiz1999","in","","0","1","0","https://x.com/undefined/status/1777890106747260932","197428680",
"1774321934840537158","Mon Apr 08 11:44:59 +0000 2024","0","@hmm261120 @FikritheAdvisor @erickthohir Maaf sebelumnya saya kurang paham apa yang kamu maksud. Tapi pembahasan hak cipta ini lebih ke pembahasan regulasi dari AI bukan esensi dari seni AI. Kalau masalah regulasi tentunya masih jauh dari sempurna. Teknologi AI bisa sangat berbahaya jika tanpa regulasi yang tepat.","1777301610257133874","","shiromewo","in","","0","1","0","https://x.com/undefined/status/1777301610257133874","1641169113501532172",
"1760286288195072311","Wed Feb 21 12:52:10 +0000 2024","0","Penggunaan AI dalam karya seni mayoritas melanggar hak cipta. Lalu bagaimana penggunaannya dalam Pemilihan Umum di Indonesia? Apakah Pemerintah Indonesia sebaiknya menetapkan regulasi dalam hal tersebut? Yuk ikuti diskusinya di Difussion #107! https://t.co/BHD1Hawk9L","1760286288195072311","https://pbs.twimg.com/media/GG3LCD9akAASSjJ.jpg","","in","","1","1","1","https://x.com/undefined/status/1760286288195072311","4771554530",
"1757688490358346178","Thu Feb 15 05:54:40 +0000 2024","0","@briannrii @alienswer iyah nnti karya pake AI bisa punya hak cipta hbs itu. please mrk sndiri gk nanggepin keresahan para pekerja seni dgn visual kampanye mrk pake gen AI","1758006895611437532","","briannrii","in","","0","0","0","https://x.com/undefined/status/1758006895611437532","67199180",
"1752148480880259170","Thu Feb 01 04:29:04 +0000 2024","0","@redmarshmelloww @bejowish @uwoo_wu @neohistoria_id @maybezahraaa klo bahas dalam konteks seni sih bakal ngelanggar hak cipta dan hak ciptanya AI blm sangat tidak jelas. Dataset yg dipake buat AI tuh rata-rata diambil dari karya seni asli buatan manusia","1752911921614029073","","redmarshmelloww","in","","0","0","0","https://x.com/undefined/status/1752911921614029073","1742404096458661888",
"1752528445144486092","Wed Jan 31 03:05:16 +0000 2024","13","Sebenernya unethical part dari penggunaan AI art adalah ketika proses training AI membutuhkan data nah pada kasus ini data yang digunakan adalah karya seni dan data ini diambil dengan mengabaikan hak cipta dsb. Oleh karena itu penggunaan AI untuk generate art itu tidak etis.","1752528445144486092","","","in","","1","1","4","https://x.com/undefined/status/1752528445144486092","1428126204",
"1751913176332111950","Mon Jan 29 10:32:30 +0000 2024","0","@ndehehehe AIGI cuma buat singkatan bang. AI generated Images. Tujuannya biar cukup aja soalnya ada batas ketik.Jadi ini kesimpulannya termasuk pelanggaran etik kan dan hak cipta itu ada setiap karya seni itu udah jadi? Soalnya kalo mau main hukum harus ada sertifikat hak paten kata bpke ","1751916218737729908","","ndehehehe","in","","0","0","0","https://x.com/undefined/status/1751916218737729908","1740161140767051776",
"1751615262032367879","Sun Jan 28 23:56:09 +0000 2024","0","@_Malif AI untuk seni kadang nyomot gambar tanpa ijin buat training disitu yang sering dipermasalahin ada hak cipta yang dilanggar seniman AI.","1751756077425889281","","_Malif","in","","0","0","0","https://x.com/undefined/status/1751756077425889281","511803423",
"1751405232981172431","Sun Jan 28 15:43:26 +0000 2024","1","@yuaazn @BukanAyankKamu @joomghyuk makanya mba @BukanAyankKamu belajar soal pengertian AI machine learning dan hak cipta seni dulu ya. baru deh kamu boleh komentar soal penggunaan gambar AI. kalo kamu asal ngomong gitu jd keliatan kosongnya","1751632079211937928","","gildragonx","in","","0","0","0","https://x.com/undefined/status/1751632079211937928","1390887075826737152",
"1751595231865454721","Sun Jan 28 13:23:21 +0000 2024","6","@PartaiSocmed Tapi bang AI itu ada krna kumpulan dari karya2 lukis orang karya udah pasti ada hak cipta banyak kok penggiat seni lukis marah sama AI","1751596828339110105","","PartaiSocmed","in","","0","1","0","https://x.com/undefined/status/1751596828339110105","588338889",
"1751071204478443649","Sat Jan 27 09:36:17 +0000 2024","0","@Ziys33271547 @SiKebongce @PartaiSocmed @diptapratisara @David_99ARMY Human touchnya ilang orisinalnya gaada keasliannya gaada karena yg diambil data orang makanya sampe skrg AI ga pny hak cipta hak cipta itu cuma buat karya seni yang dibuat sama MANUSIA. Hope u understand what we discuss about.","1751177298559263057","","yovandarizky","in","","0","0","0","https://x.com/undefined/status/1751177298559263057","230367333",
"1751071204478443649","Sat Jan 27 05:06:26 +0000 2024","1","@Shena_bud @diptapratisara @PartaiSocmed @David_99ARMY Wkwk dah lah lu bukan org yg mrasa dirugikan ga bakal ngerti. Klo mnurut lu ga ada pelanggaran hak cipta lu tuntut aja AI artwork supaya dapet prlindungan hak cipta kan mnurut lu sama kyk karya seni yg dibikin manusia. Sekian.","1751109387723387301","","Shena_bud","in","","0","0","0","https://x.com/undefined/status/1751109387723387301","230367333",
"1751071204478443649","Sat Jan 27 04:02:02 +0000 2024","0","@Shena_bud @PartaiSocmed @diptapratisara @David_99ARMY referensi sama NYOLONG itu beda. Jgn samain AI sama kemampuan manusia klo mnurut lu sama2 karya seni kenapa AI ga dapet perlindungan hak cipta? Karena NYOLONG.","1751093180186202142","","Shena_bud","in","","0","3","0","https://x.com/undefined/status/1751093180186202142","230367333",
"1750392629358207390","Thu Jan 25 13:36:22 +0000 2024","0","@peri0dt @AnakTakoyaki @gibran_tweet AI ada banyak. ChatGPT juga AI Yg bnyk kontra AI generated art (karya seni yg dihasilkan AI- trmsuk gambar suara) Msh blum jelas trkait hak cipta &amp; bbrp produsen karya seni AI diduga mencuri karya orng lain tnp izin Jd msh abu2 slain itu (cont...)","1750512940451762289","","peri0dt","in","","1","1","0","https://x.com/undefined/status/1750512940451762289","1468839054892355585",
"1746055470882676859","Mon Jan 15 01:07:32 +0000 2024","1","@lofidewanto @aniesbaswedan masalahnya untuk seperti ilustrasi AI cara kerja AInya itu sendiri sangat bertangan. karna AI itu comot hasil karya seni orang secara acak dan masif untuk belajar dan menciptakan AI Art itu. yang bertentangan dengan hak karya cipta artistnya jadi ya sama saja seperti mencuri.","1746700612103024918","","lofidewanto","in","","0","1","0","https://x.com/undefined/status/1746700612103024918","1225412114925228033",
"1746055470882676859","Sun Jan 14 04:12:49 +0000 2024","0","@aniesbaswedan Amin bgt! Dan pak sy harap utk hak cipta karya seni lebih diperhatikan jg. Apa lg dgn banyak pengguna AI generated image.","1746384849487945912","","aniesbaswedan","in","","0","0","0","https://x.com/undefined/status/1746384849487945912","1301151854659657734",
"1742881509500203221","Sat Jan 06 06:11:16 +0000 2024","1","@mistresswulan @ethadisaputra @airealmix Memang anda paham urusan AI programming tapi anda nir etika dalam seni dan ga mau tau sistem hak cipta karya seni terciptalah sikap komersilin AI image generator","1743515558090539438","","mistresswulan","in","","0","1","0","https://x.com/undefined/status/1743515558090539438","1490193149079134214",
"1742881509500203221","Fri Jan 05 10:20:58 +0000 2024","0","@ethadisaputra @airealmix Yang menjadi masalah disini adalah hak cipta pada gambar AI itu. Gambar AI itu mencuri berbagai gambar dibuat manusia dan dicampur aduk menjadi satu. Orang indo sini mah kurang menghargai karya seni. Contohnya aja Suka nawar2 harga nyampe murah saat komis.","1743216010231164952","","Citsy_404","in","","0","1","0","https://x.com/undefined/status/1743216010231164952","1572762059141357568",
"1742041547011748106","Tue Jan 02 22:09:41 +0000 2024","0","@NikolaiJan73862 @hharisu_ Tapi gw ngerti kok pendapat mas masyarakat kita masih ada yang terfragmentasi karena belum bener-bener paham hal ini. Ada yang Pro AI tanpa ngerti hak cipta dan etika seni ada yg Nolak AI sama sekali dan Moderat (tetap menggunakan AI yang selaras dengan hak cipta dan etika).","1742307201270911333","","Dundindam","in","","0","1","0","https://x.com/undefined/status/1742307201270911333","1550739803867848704",
"1742173534468923818","Tue Jan 02 13:59:04 +0000 2024","0","@shoyolucuu Kayak dia mau pake AI buat konsumsi pribadi. Monggo tapi jangan sampai muji AI sebagai bentuk evolusi baru dari seni &amp; karya digital. Karena yg dipuji itu ngambil hak cipta orang asli yg ngehabisin waktu &amp; hati mereka nuat nyiptain gambar.","1742183732189282491","","Clover_crane18","in","","0","0","0","https://x.com/undefined/status/1742183732189282491","1323266429899087874",
"1739444303204962646","Tue Dec 26 00:33:33 +0000 2023","0","Sebagai bagian upaya melindungi hak cipta karya seni dari penyalahgunaan oleh kecerdasan buatan (AI) para seniman berkolaborasi dengan peneliti unive... https://t.co/SkSN5EQ3DU","1739444303204962646","","","in","","0","0","0","https://x.com/undefined/status/1739444303204962646","46693036",
"1736659118272782572","Mon Dec 18 08:06:14 +0000 2023","1","Teruntuk praktisi hukum pegiat seni dan industri kreatif tanah air simak tulisan saya tentang bagaimana cara melindungi pekerja industri kreatif kita (melalui hukum hak cipta/royalti) di Indonesia dan ASEAN dari gempuran AI.","1736659118272782572","","","in","","0","2","0","https://x.com/undefined/status/1736659118272782572","120294554",
"1727677286542082216","Thu Nov 23 13:15:38 +0000 2023","2","anjir nii paslon ga peka banget sama seni kreatif udahlah ga peduli sama hak cipta dari cawapres ampe ke timsesnya juga ga malu-malu jualan gemoy dari hasil AI. padahal bisa lhoo nyewa jasa seni design kalo buat gituan doang maah","1727677286542082216","","","in","","0","0","0","https://x.com/undefined/status/1727677286542082216","1333124438267629568",
"1726149910331011454","Sun Nov 19 08:06:23 +0000 2023","0","Protes Seniman Versus Midjourney Tidak Akan Menang https://t.co/e7BmjHJ5WM Tuntutan seperti ini tidak akan terkabul. Ketahui cara kerja AI dan hak cipta sebelum mempertanyakan status seni dari karya hasil AI. 18 November 2023 10:10 AM #opinipembaca","1726149910331011454","","","in","","0","0","0","https://x.com/undefined/status/1726149910331011454","383578706",
"1724124468170363200","Mon Nov 13 17:58:00 +0000 2023","0","Ayo bilang sama-sama: GambarbuatanAIbukanseniyangperluhakcipta","1724124468170363200","","","in","","0","0","0","https://x.com/undefined/status/1724124468170363200","223027950",
"1719687148201541695","Wed Nov 01 14:50:55 +0000 2023","0","@tanyakanrl Hi as a art freelancer kalo kamu cari di upwork memang ada kok pekerja seni yang dipekerjakan untuk membuat AI macam ini meski nanti gambar mereka di generalisir lagi. Tapi baiknya untuk komersil memang jangan pakai AI yah untuk hak cipta nantinya","1719728732267745537","","tanyakanrl","in","","0","0","0","https://x.com/undefined/status/1719728732267745537","1122060445420929027",
"1708861745350209538","Mon Oct 02 15:21:23 +0000 2023","0","@Sylphy_Ch Yap tapi tidak menjelaskan walau akibat AI fungsinya tetap membutuh kan illustrator. Apalagi soal hak cipta yang rentan perusahaan malah bisa kena masalah lebih besar kalau sembarangan yang kurang paham seni atau lukisan. Keputusan seakan tidak menjelaskan alasan yg jelas ","1708864761956651110","","Sylphy_Ch","in","","0","1","0","https://x.com/undefined/status/1708864761956651110","842554061014646785",
"1700719669798388027","Sun Sep 10 04:49:33 +0000 2023","1","@AyuP_AI @ismailfahmi Mbak mau tanya untuk regulator yang cocok mengurus Ai di begara ini siapa ya? Bagaimana mendidik siswa bijak menggunakan ai? Bagaimana melindungi hak cipta karya seni digital di era ai? Mohon berkenan di jawab ","1700733223603675318","","AyuP_AI","in","","0","3","0","https://x.com/undefined/status/1700733223603675318","40433835",
"1694726956229730406","Thu Aug 24 15:02:47 +0000 2023","0","Baru-baru ini sebuah pengadilan di Washington Amerika Serikat mengeluarkan putusan bahwa menurut hukum Amerika karya seni yang diciptakan oleh kecerdasan buatan (AI) tanpa ada kontribusi manusia tidak dilindungi oleh hak cipta. https://t.co/q4qtEoLwnL #saham #sahamindonesia https://t.co/hXUXsSAcu5","1694726956229730406","https://pbs.twimg.com/media/F4ThLr2asAAdW4i.jpg","","in","","0","0","0","https://x.com/undefined/status/1694726956229730406","1677609531583631360",
"1693423608226533474","Mon Aug 21 00:43:45 +0000 2023","0","Question ?! Siapakah yang memiliki hak cipta atas karya seni yang dihasilkan oleh AI : apakah seniman manusia (yang memberi perintah) programmer AI atau bahkan mesin itu sendiri ?! Ada yang tau?! https://t.co/ZH9kCTCEt1","1693423608226533474","https://pbs.twimg.com/media/F4A_yUQa8AA6F-U.jpg","","in","","0","0","0","https://x.com/undefined/status/1693423608226533474","106448176",
"1693213902803476870","Sun Aug 20 10:50:27 +0000 2023","0","Hakim AS Tolak Perlindungan Hak Cipta bagi Karya Seni Buatan Kecerdasan Buatan (AI) #HakCiptaAI #KreativitasManusia #PutusanHakCipta #AIvsKaryaSeni #HukumdanTeknologi #InovasiKreatif #DebatHakCipta #PemogokanPenulisAI #KecerdasanBuatanHakCipta ~N https://t.co/ig8zeChVQX","1693213902803476870","https://pbs.twimg.com/media/F3-BBvabIAA_Ljx.jpg","","in","","0","0","0","https://x.com/undefined/status/1693213902803476870","1513796694751977474",
"1675808108827021314","Mon Jul 03 10:06:02 +0000 2023","0","Valve Larang Game Steam Gunakan Karya Seni AI yang Melanggar Hak Cipta #AI #Steam #Valve https://t.co/RxmPKxItVh https://t.co/kg1diRtWBZ","1675808108827021314","","","in","","0","0","0","https://x.com/undefined/status/1675808108827021314","737114089386741760",
"1660570408272420864","Mon May 22 08:56:55 +0000 2023","0"," Meski memudahkan pemanfaatan AI pada dunia seni dan industri kreatif ternyata memiliki persoalan hukum dalam perlindungan hak cipta ujar Agung. Kanwil Kemenkumham DIY Agung Rektono Seto https://t.co/L5u2jRIUac","1660570424571469824","https://pbs.twimg.com/media/FwuHN9ZaAAAiRVk.jpg","kemenkumjogja","in","","0","1","0","https://x.com/undefined/status/1660570424571469824","1597766452161187840",
"1654316412486451200","Fri May 05 12:51:58 +0000 2023","4","@arenlattey @Ronaurr Gw pengen nanya. Lu sendiri sebenernya ngerti hak cipta dalam seni gak? Or at least ngerti seni atau ngga? AI art itu banyak yang gratisan bahkan di google aja ada. Ini bukan tentang orang yang iri dengki karena hasil AI lebih bagus tapi AI art ini mayoritas masih illegal","1654468980005031939","","arenlattey","in","","0","2","1","https://x.com/undefined/status/1654468980005031939","1107221208104202242",
"1642531946889904129","Sun Apr 02 14:18:27 +0000 2023","0","Manusia vs Mesin: Perjuangan Dapatkan Hak Cipta Seni AI https://t.co/8C9NPz8mLT","1642531946889904129","","","in","","0","0","0","https://x.com/undefined/status/1642531946889904129","1467312143062081538",
"1642424817168072704","Sun Apr 02 07:12:45 +0000 2023","0","Manusia vs Mesin: Perjuangan Dapatkan Hak Cipta Seni AI https://t.co/d07UNnptDp","1642424817168072704","","","in","","0","0","0","https://x.com/undefined/status/1642424817168072704","1244825429078241281",
"1642423889132404736","Sun Apr 02 07:09:04 +0000 2023","0","PDIP Partai Paling Korup : Manusia vs Mesin: Perjuangan Dapatkan Hak Cipta Seni AI https://t.co/iob1Nhx3OC https://t.co/nEJj3H34WM","1642423889132404736","https://pbs.twimg.com/media/FssP0sLagAAaZtJ.jpg","","in","","0","0","0","https://x.com/undefined/status/1642423889132404736","244134279",
"1642121093971587072","Sat Apr 01 11:05:52 +0000 2023","0","Manusia vs. mesin: perjuangan untuk hak cipta seni AI - https://t.co/8igeAPASxc (Reuters) Tahun lepas Kris Kashtanova menaip arahan untuk novel grafik ke dalam program kecerda","1642121093971587072","","","in","","0","0","0","https://x.com/undefined/status/1642121093971587072","1069166430250196992",
"1641711335523119110","Fri Mar 31 07:57:38 +0000 2023","0","Perspektif Komparatif tentang Masalah Kepemilikan dan Hak Cipta dalam Karya Seni yang Dihasilkan AI: Pandangan dari Hukum Uni Eropa dan Indonesia https://t.co/ENxoi03gZA","1641711335523119110","","","in","","0","0","0","https://x.com/undefined/status/1641711335523119110","829976664851374080",
"1628553873102376962","Thu Feb 23 00:42:31 +0000 2023","0","Misal utk platform-platform AI yg berhubungan ama karya seni semua platform ini ga bisa digeneralisasi secara teknologi &amp; algoritmanya ada yg memang gunakan pendekatan utk menghasilkan karya baru &amp; orisinil ada jg yg tinggal ceplak-ceplok sampe timbul masalah hak cipta","1628555869716881408","","irf_mLa","in","","0","1","0","https://x.com/undefined/status/1628555869716881408","82793141",
"1625437205949980673","Tue Feb 14 10:10:03 +0000 2023","1","Seni buatan AI yang mulai merusak hak cipta dan profesi para seniman digital di era modern sekarang ini. #userstory https://t.co/LWXgvY8sU6","1625437205949980673","","","in","","0","0","0","https://x.com/undefined/status/1625437205949980673","759692754985242625",
"1617345005131280384","Mon Jan 23 02:14:32 +0000 2023","1","Getty Images Gugat Pembuat Alat Karya Seni AI karena Langgar Hak Cipta https://t.co/QViEjVPOlr","1617345005131280384","","","in","","0","0","1","https://x.com/undefined/status/1617345005131280384","1435437240",
"1615727227320274949","Wed Jan 18 15:06:04 +0000 2023","0","Salah satu pemain kuat di pasar gambar saham Getty Images menggugat pemilik alat seni AI Stable Diffusion atas pelanggaran hak cipta. https://t.co/VEdSKTH3aj","1615727227320274949","","","in","","0","0","0","https://x.com/undefined/status/1615727227320274949","1186946650595418116",
"1604420396505350145","Tue Dec 20 09:59:43 +0000 2022","0","@ImpulseMirror @MASKredTeer @DiffusionPics Saya hanya sebagian kecil dari seorang seniman kami tidak tahu bahwa mungkin ada orang yang menuntut bahwa seni AI itu ilegal dan mengambil banyak gambar tanpa izin hak cipta.","1605140884831756288","","","in","","0","0","0","https://x.com/undefined/status/1605140884831756288","1470035432423366656",
"1603994783906959361","Sat Dec 17 06:05:31 +0000 2022","14","Karya AI tidak dipandang sama dengan karya manusia di mata hukum. Lembaga hak cipta AS menyatakan bahwa karya seni AI tidak bisa di-copyright. #focus #artificialintelligence #teknosains #videonews https://t.co/brEIoALphQ https://t.co/LpMNDbYgDK","1603994783906959361","https://pbs.twimg.com/ext_tw_video_thumb/1603994560899620865/pu/img/0HMlI0ebXcv_lEzw.jpg","","in","","0","1","2","https://x.com/undefined/status/1603994783906959361","759692754985242625",
"1599006674433765376","Sat Dec 03 11:44:34 +0000 2022","0","AI Art Generator kontra produktif dengan hak cipta dari seniman yang karyanya menjadi referensi seni generatif. AI Assistant menumpulkan nalar kritis ketika jawaban terangkum sebagai rekomendasi umum meski diragukan validitasnya.","1599006678250590215","","anggaserviam","in","","0","1","0","https://x.com/undefined/status/1599006678250590215","1382279455872143363",
"1496688836931252227","Thu Feb 24 03:30:00 +0000 2022","0","Kantor Hak Cipta AS Tolak Hak Cipta Karya Seni dari Mesin AI https://t.co/WoSa0qmgGK https://t.co/saO9Qe4g7B","1496688836931252227","https://pbs.twimg.com/media/FMQA_ojVgAMFgnA.jpg","","in","","0","0","0","https://x.com/undefined/status/1496688836931252227","1381569781136941056",
"1496439716375412737","Wed Feb 23 11:00:05 +0000 2022","0","Kantor Hak Cipta AS Tolak Hak Cipta Karya Seni dari Mesin AI https://t.co/310pG8CpJt https://t.co/ALZozM6Dc3","1496439716375412737","https://pbs.twimg.com/media/FMRr_XWWYAAVG8q.jpg","","in","","0","0","0","https://x.com/undefined/status/1496439716375412737","118646322",
"1235078974436282372","Wed Mar 04 09:14:37 +0000 2020","0","@MainRaya Sudah bahkan sudah lama dipelajari. Itu kan Gugatan Perihal Hak cipta Seni Logo Arema. Makanya ada sebuah klub yg lahir tahun 2015 Ganti Logo karena memang tidak pegang legal apapun. AI tetap pakai Logo Yayasan Arema.","1235131524913041408","","","in","","0","0","0","https://x.com/undefined/status/1235131524913041408","1115265838834012160",
"3826211169","Mon Sep 07 21:19:41 +0000 2009","0","HUMANIORA : 58 Seni Tradisi Belum Dapat Hak Cipta karena Dana http://bit.ly/JNdDy","3826211169","","","in","","0","0","0","https://x.com/undefined/status/3826211169","62973657",
